{
  "IcoMoonType": "selection",
  "icons": [
    {
      "icon": {
        "paths": [
          "M512 0c-281.219 0-512 230.781-512 512 0 239.974 168.391 457.969 392 512v-169.39c-22.156 4.849-42.547 4.992-65.101-1.659-30.258-8.929-54.844-29.082-73.094-59.817-11.633-19.625-32.25-40.909-53.757-39.347l-5.274-59.766c46.508-3.983 86.742 28.339 110.625 68.465 10.61 17.843 22.82 28.303 38.492 32.927 15.149 4.465 31.414 2.319 50.367-4.372 4.758-37.944 22.14-52.147 35.273-72.151v-0.031c-133.359-19.891-186.508-90.639-207.602-146.483-27.953-74.148-12.953-166.781 36.477-225.32 0.961-1.141 2.695-4.125 2.023-6.211-22.664-68.461 4.953-125.093 5.968-131.101 26.157 7.734 30.407-7.781 113.617 42.774l14.383 8.641c6.016 3.586 4.125 1.539 10.141 1.086 34.742-9.438 71.367-14.648 107.453-15.117 36.36 0.469 72.748 5.68 108.931 15.5l4.654 0.469c-0.404-0.062 1.265-0.297 4.070-1.969 103.946-62.961 100.214-42.383 128.087-51.445 1.009 6.015 28.257 63.57 5.837 131.164-3.026 9.313 90.117 94.602 38.492 231.506-21.094 55.869-74.235 126.618-207.596 146.509v0.031c17.096 26.056 37.632 39.916 37.524 93.665v211.446c223.616-54.031 391.997-272.026 391.997-512 0.010-281.219-230.769-512-511.99-512v0z"
        ],
        "attrs": [],
        "isMulticolor": false,
        "isMulticolor2": false,
        "grid": 0,
        "tags": [
          "footer1"
        ],
        "colorPermutations": {}
      },
      "attrs": [],
      "properties": {
        "order": 34,
        "id": 7,
        "name": "footer1",
        "prevSize": 32
      },
      "setIdx": 0,
      "setId": 4,
      "iconIdx": 4
    },
    {
      "icon": {
        "paths": [
          "M403.618 629.471l-15.707 206.196c22.473 0 32.206-9.011 43.877-19.828l105.36-93.975 218.317 149.215c40.038 20.824 68.25 9.858 79.053-34.378l143.299-626.706 0.042-0.037c12.698-55.241-21.406-76.843-60.416-63.291l-842.33 300.983c-57.487 20.826-56.617 50.736-9.772 64.288l215.35 62.515 500.216-292.12c23.538-14.549 44.944-6.499 27.336 8.050l-404.625 339.088z"
        ],
        "attrs": [],
        "isMulticolor": false,
        "isMulticolor2": false,
        "grid": 0,
        "tags": [
          "footer2"
        ],
        "colorPermutations": {}
      },
      "attrs": [],
      "properties": {
        "order": 35,
        "id": 6,
        "name": "footer2",
        "prevSize": 32
      },
      "setIdx": 0,
      "setId": 4,
      "iconIdx": 5
    },
    {
      "icon": {
        "paths": [
          "M708.584 511.088h-129.085v475.681h-195.574v-475.681h-93.016v-167.172h93.016v-108.18c0-77.36 36.533-198.497 197.315-198.497l144.869 0.61v162.269h-105.112c-17.241 0-41.485 8.664-41.485 45.568v98.386h146.159l-17.088 167.016z"
        ],
        "attrs": [],
        "isMulticolor": false,
        "isMulticolor2": false,
        "grid": 0,
        "tags": [
          "footer3"
        ],
        "colorPermutations": {}
      },
      "attrs": [],
      "properties": {
        "order": 36,
        "id": 5,
        "name": "footer3",
        "prevSize": 32
      },
      "setIdx": 0,
      "setId": 4,
      "iconIdx": 6
    },
    {
      "icon": {
        "paths": [
          "M307.2 102.4l409.6 409.6-409.6 409.6"
        ],
        "attrs": [
          {
            "fill": "none",
            "strokeLinejoin": "round",
            "strokeLinecap": "round",
            "strokeMiterlimit": "4",
            "strokeWidth": 204.8
          }
        ],
        "isMulticolor": false,
        "isMulticolor2": false,
        "grid": 0,
        "tags": [
          "header-arrow"
        ],
        "colorPermutations": {}
      },
      "attrs": [
        {
          "fill": "none",
          "strokeLinejoin": "round",
          "strokeLinecap": "round",
          "strokeMiterlimit": "4",
          "strokeWidth": 204.8
        }
      ],
      "properties": {
        "order": 37,
        "id": 4,
        "name": "header-arrow",
        "prevSize": 32
      },
      "setIdx": 0,
      "setId": 4,
      "iconIdx": 7
    },
    {
      "icon": {
        "paths": [
          "M1024 512c0 282.77-229.23 512-512 512s-512-229.23-512-512c0-282.77 229.23-512 512-512s512 229.23 512 512z"
        ],
        "attrs": [],
        "isMulticolor": false,
        "isMulticolor2": false,
        "grid": 0,
        "tags": [
          "reviwes-circle"
        ],
        "colorPermutations": {}
      },
      "attrs": [],
      "properties": {
        "order": 39,
        "id": 2,
        "name": "reviwes-circle",
        "prevSize": 32
      },
      "setIdx": 0,
      "setId": 4,
      "iconIdx": 9
    },
    {
      "icon": {
        "paths": [
          "M576 512c0 35.346-28.654 64-64 64s-64-28.654-64-64c0-35.346 28.654-64 64-64s64 28.654 64 64z",
          "M128 512c0 35.346-28.654 64-64 64s-64-28.654-64-64c0-35.346 28.654-64 64-64s64 28.654 64 64z",
          "M1024 512c0 35.346-28.654 64-64 64s-64-28.654-64-64c0-35.346 28.654-64 64-64s64 28.654 64 64z"
        ],
        "attrs": [],
        "isMulticolor": false,
        "isMulticolor2": false,
        "grid": 0,
        "tags": [
          "reviwes-group"
        ],
        "colorPermutations": {}
      },
      "attrs": [],
      "properties": {
        "order": 40,
        "id": 1,
        "name": "reviwes-group",
        "prevSize": 32
      },
      "setIdx": 0,
      "setId": 4,
      "iconIdx": 10
    },
    {
      "icon": {
        "paths": [
          "M1011.783 500.566c17.699-19.465 15.99-49.299-3.82-66.62l-436.345-381.806c-19.806-17.32-51.559-16.957-70.948 0.818l-437.831 401.344c-19.389 17.776-20.34 47.572-2.107 66.525l10.977 11.432c18.211 18.953 47.648 21.213 65.706 5.032l32.722-29.302v428.995c0 26.325 21.327 47.632 47.629 47.632h170.667c26.302 0 47.629-21.307 47.629-47.632v-300.123h217.688v300.123c-0.379 26.301 18.441 47.616 44.742 47.616h180.864c26.301 0 47.632-21.315 47.632-47.632v-422.94c0 0 9.035 7.919 20.189 17.718 11.13 9.78 34.501 1.939 52.2-17.546l12.406-13.635z"
        ],
        "attrs": [],
        "isMulticolor": false,
        "isMulticolor2": false,
        "grid": 0,
        "tags": [
          "reviwes-home"
        ],
        "colorPermutations": {}
      },
      "attrs": [],
      "properties": {
        "order": 41,
        "id": 0,
        "name": "reviwes-home",
        "prevSize": 32
      },
      "setIdx": 0,
      "setId": 4,
      "iconIdx": 11
    }
  ],
  "height": 1024,
  "preferences": {
    "showGlyphs": true,
    "showQuickUse": true,
    "showQuickUse2": true,
    "showSVGs": true,
    "fontPref": {
      "prefix": "icon-",
      "metadata": {
        "fontFamily": "icomoon"
      },
      "metrics": {
        "emSize": 1024,
        "baseline": 6.25,
        "whitespace": 50
      },
      "embed": false
    },
    "imagePref": {
      "prefix": "icon-",
      "png": true,
      "useClassSelector": true,
      "color": 0,
      "bgColor": 16777215,
      "classSelector": ".icon",
      "name": "icomoon",
      "autoHost": true,
      "height": 32,
      "columns": 16,
      "margin": 16
    },
    "historySize": 50,
    "showCodes": true,
    "gridSize": 16,
    "quickUsageToken": {
      "UntitledProject": "NzM0Y2IxNDk3MiMxNzQ4MjM1ODkxIzVaS2hQMnNGVzEvVWI2bFo3REp6eS9nV2ZXUUtDMG5qSm4ycFVXNWRkWlBq"
    },
    "showGrid": false
  }
}